{
	"type": "Live2D Model Setting",
	"name": "oni_foreplay",
	"model": "oni_foreplay.moc",
	"textures": [
		"oni_foreplay.2048/texture_00.png",
		"oni_foreplay.2048/texture_01.png"
	],
	"motions":{
		"cut_in_1":[
			{
			"fade_in":10,
			"fade_out":10,
			"file":"motions/oni_foreplay_cutin.mtn"
			}],
		"cut_in_1_loop":[
			{
			"fade_in":10,
			"fade_out":10,
			"file":"motions/oni_foreplay_cutin_loop.mtn"
			}],
		"slow":[
			{
			"fade_in":200,
			"fade_out":10,
			"file":"motions/oni_foreplay_normal.mtn"
			}],
		"slow_loop":[
			{
			"fade_in":200,
			"fade_out":10,
			"file":"motions/oni_foreplay_normal_loop.mtn"
			}],
		"slow_fail":[
			{
			"fade_in":200,
			"fade_out":10,
			"file":"motions/oni_foreplay_normal_fail.mtn"
			}],			
		"fast":[
			{
			"fade_in":200,
			"fade_out":10,
			"file":"motions/oni_foreplay_fast.mtn"
			}],
		"fast_loop":[
			{
			"fade_in":200,
			"fade_out":10,
			"file":"motions/oni_foreplay_fast_loop.mtn"
			}],
		"iku":[
			{
			"fade_in":200,
			"fade_out":10,
			"file":"motions/oni_foreplay_iku.mtn"
			}],
		"iku_semen":[
			{
			"fade_in":200,
			"fade_out":10,
			"file":"motions/oni_foreplay_iku_semen.mtn"
			}],
		"clean":[
			{
			"fade_in":1,
			"fade_out":1,
			"file":"motions/oni_foreplay_clean.mtn"
			}],				
		"out":[
			{
			"fade_in":1,
			"fade_out":1,
			"file":"motions/oni_foreplay_out.mtn"
			}]
	},
	"expressions":[
	]
}