{
	"type": "Live2D Model Setting",
	"name": "kyuketuki_sex",
	"model": "kyuketuki_sex.moc",
	"textures": [
		"kyuketuki_sex.2048/texture_00.png",
		"kyuketuki_sex.2048/texture_01.png"
	],
	"motions":{
		"cut_in_1":[
			{
			"fade_in":10,
			"fade_out":1000,
			"file":"motions/kyuketuki_sex_cutin.mtn"
			}],
		"slow":[
			{
			"fade_in":200,
			"fade_out":10,
			"file":"motions/kyuketuki_sex_normal.mtn"
			}],
		"fast":[
			{
			"fade_in":200,
			"fade_out":10,
			"file":"motions/kyuketuki_sex_fast.mtn"
			}],
		"iku":[
			{
			"fade_in":200,
			"fade_out":10,
			"file":"motions/kyuketuki_sex_iku.mtn"
			}],
		"iku_semen":[
			{
			"fade_in":200,
			"fade_out":10,
			"file":"motions/kyuketuki_sex_iku_semen.mtn"
			}],
		"clean":[
			{
			"fade_in":1,
			"fade_out":1,
			"file":"motions/kyuketuki_sex_clean.mtn"
			}],	
		"out":[
			{
			"fade_in":1,
			"fade_out":1,
			"file":"motions/kyuketuki_sex_out.mtn"
			}]
	},
	"expressions":[
	]
}