{
	"type": "Live2D Model Setting",
	"name": "kyuketuki_foreplay",
	"model": "kyuketuki_foreplay.moc",
	"textures": [
		"kyuketuki_foreplay.2048/texture_00.png",
		"kyuketuki_foreplay.2048/texture_01.png"
	],
	"motions":{
		"all":[
			{
			"fade_in":10,
			"fade_out":10,
			"file":"motions/kyuketuki_foreplay_all.mtn"
			}],
		"cut_in_1":[
			{
			"fade_in":10,
			"fade_out":1000,
			"file":"motions/kyuketuki_foreplay_cutin.mtn"
			}],
		"cut_in_1_loop":[
			{
			"fade_in":10,
			"fade_out":100,
			"file":"motions/kyuketuki_foreplay_cutin_loop.mtn"
			}],			
		"cut_in_2":[
			{
			"fade_in":10,
			"fade_out":1000,
			"file":"motions/kyuketuki_foreplay_eat.mtn"
			}],
		"slow":[
			{
			"fade_in":200,
			"fade_out":10,
			"file":"motions/kyuketuki_foreplay_normal.mtn"
			}],
		"slow_loop":[
			{
			"fade_in":200,
			"fade_out":10,
			"file":"motions/kyuketuki_foreplay_normal_loop.mtn"
			}],
		"fast":[
			{
			"fade_in":200,
			"fade_out":10,
			"file":"motions/kyuketuki_foreplay_fast.mtn"
			}],
		"fast_loop":[
			{
			"fade_in":200,
			"fade_out":10,
			"file":"motions/kyuketuki_foreplay_fast_loop.mtn"
			}],
		"iku":[
			{
			"fade_in":200,
			"fade_out":10,
			"file":"motions/kyuketuki_foreplay_iku.mtn"
			}],
		"iku_semen":[
			{
			"fade_in":200,
			"fade_out":10,
			"file":"motions/kyuketuki_foreplay_iku_semen.mtn"
			}],
		"clean":[
			{
			"fade_in":1,
			"fade_out":1,
			"file":"motions/kyuketuki_foreplay_clean.mtn"
			}],	
		"out":[
			{
			"fade_in":1,
			"fade_out":1,
			"file":"motions/kyuketuki_foreplay_out.mtn"
			}]
	},
	"expressions":[
	]
}