{
	"type":"Live2D Expression",
	"fade_in":500,
	"fade_out":500,
	"params":[
		{"id":"PARAM_EYE_L_OPEN","val":0.96,"def":1},
		{"id":"PARAM_EYE_R_OPEN","val":1.2,"def":1},
		{"id":"PARAM_EYE_BALL_X","val":-0.18},
		{"id":"PARAM_EYE_BALL_Y","val":-0.17},
		{"id":"PARAM_BROW_L_Y","val":-0.66},
		{"id":"PARAM_BROW_R_Y","val":-0.65},
		{"id":"PARAM_BROW_L_X","val":0},
		{"id":"PARAM_BROW_R_X","val":0},
		{"id":"PARAM_BROW_L_ANGLE","val":-1},
		{"id":"PARAM_BROW_R_ANGLE","val":-1},
		{"id":"PARAM_BROW_L_FORM","val":-0.65},
		{"id":"PARAM_BROW_R_FORM","val":0.84},
		{"id":"PARAM_MOUTH_FORM","val":-0.6},
		{"id":"PARAM_AKA","val":0.6}
	]
}