{
	"type": "Live2D Model Setting",
	"name": "doroelle_hevent2",
	"model": "doroelle_hevent2.moc",
	"textures": [
		"doroelle_hevent2.2048/texture_00.png",
		"doroelle_hevent2.2048/texture_01.png"
	],
	"motions":{
		"a_normal":[
			{
			"fade_in":100,
			"fade_out":10,
			"file":"motions/doroelle_hevent2_a_normal.mtn"
			}],
		"a_normala":[
			{
			"fade_in":100,
			"fade_out":1000,
			"file":"motions/doroelle_hevent2_a_normala.mtn"
			}],			
		"a_normal_loop":[
			{
			"fade_in":1000,
			"fade_out":1,
			"file":"motions/doroelle_hevent2_a_normal_loop.mtn"
			}],
		"a_fast":[
			{
			"fade_in":100,
			"fade_out":10,
			"file":"motions/doroelle_hevent2_a_fast.mtn"
			}],
		"a_iku":[
			{
			"fade_in":1000,
			"fade_out":1000,
			"file":"motions/doroelle_hevent2_a_iku.mtn"
			}],
		"a_iku_2":[
			{
			"fade_in":1000,
			"fade_out":1000,
			"file":"motions/doroelle_hevent2_a_iku_2.mtn"
			}],
		"b_normal":[
			{
			"fade_in":100,
			"fade_out":10,
			"file":"motions/doroelle_hevent2_b_normal.mtn"
			}],
		"b_normal_loop":[
			{
			"fade_in":100,
			"fade_out":10,
			"file":"motions/doroelle_hevent2_b_normal_loop.mtn"
			}],
		"b_normal2":[
			{
			"fade_in":100,
			"fade_out":10,
			"file":"motions/doroelle_hevent2_b_normal2.mtn"
			}],
		"b_normal2_loop":[
			{
			"fade_in":100,
			"fade_out":10,
			"file":"motions/doroelle_hevent2_b_normal2_loop.mtn"
			}],
		"b_fast":[
			{
			"fade_in":100,
			"fade_out":10,
			"file":"motions/doroelle_hevent2_b_fast.mtn"
			}],
		"b_fast2":[
			{
			"fade_in":100,
			"fade_out":10,
			"file":"motions/doroelle_hevent2_b_fast2.mtn"
			}],
		"b_iku":[
			{
			"fade_in":100,
			"fade_out":10,
			"file":"motions/doroelle_hevent2_b_iku.mtn"
			}],
		"breath_z1_name":[
			{
			"fade_in":1000,
			"fade_out":10,
			"file":"motions/doroelle_hevent2_breath_z1_name.mtn"
			}],
		"breatha":[
			{
			"fade_in":100,
			"fade_out":10,
			"file":"motions/doroelle_hevent2_breatha.mtn"
			}],
		"breathatob":[
			{
			"fade_in":500,
			"fade_out":500,
			"file":"motions/doroelle_hevent2_breathatob.mtn"
			}],
		"breathb":[
			{
			"fade_in":500,
			"fade_out":500,
			"file":"motions/doroelle_hevent2_breathb.mtn"
			}],			
		"out":[
			{
			"fade_in":10,
			"fade_out":10,
			"file":"motions/doroelle_hevent2_out.mtn"
			}]
	},
	"expressions":[
		{"name":"normal","file":"expressions/normal.exp.json"},
		{"name":"first","file":"expressions/first.exp.json"},
		{"name":"lookdown","file":"expressions/lookdown.exp.json"},
		{"name":"lookup","file":"expressions/lookup.exp.json"},
		{"name":"lookdownShy","file":"expressions/lookdownShy.exp.json"},
		{"name":"lookupShy","file":"expressions/lookupShy.exp.json"},
		{"name":"mouth^","file":"expressions/mouth^.exp.json"},
		{"name":"mouthv","file":"expressions/mouthv.exp.json"},
		{"name":"eyesmile","file":"expressions/eyesmile.exp.json"},
		{"name":"eyesmile2","file":"expressions/eyesmile2.exp.json"},
		{"name":"doya","file":"expressions/doya.exp.json"},
		{"name":"littleshy","file":"expressions/littleshy.exp.json"},
		{"name":"littleshy2","file":"expressions/littleshy2.exp.json"}
	]
}