{
	"type": "Live2D Model Setting",
	"name": "lamia_foreplay",
	"model": "lamia_foreplay.moc",
	"textures": [
		"lamia_foreplay.2048/texture_00.png",
		"lamia_foreplay.2048/texture_01.png"
	],
	"motions":{
		"cut_in_1":[
			{
			"fade_in":10,
			"fade_out":10,
			"file":"motions/lamia_foreplay_cutin.mtn"
			}],
		"slow":[
			{
			"fade_in":200,
			"fade_out":100,
			"file":"motions/lamia_foreplay_normal.mtn"
			}],
		"fast":[
			{
			"fade_in":200,
			"fade_out":100,
			"file":"motions/lamia_foreplay_fast.mtn"
			}],
		"iku":[
			{
			"fade_in":200,
			"fade_out":10,
			"file":"motions/lamia_foreplay_iku.mtn"
			}],
		"iku_semen":[
			{
			"fade_in":200,
			"fade_out":10,
			"file":"motions/lamia_foreplay_iku_semen.mtn"
			}],
		"clean":[
			{
			"fade_in":1,
			"fade_out":1,
			"file":"motions/lamia_foreplay_clean.mtn"
			}],				
		"out":[
			{
			"fade_in":1,
			"fade_out":1,
			"file":"motions/lamia_foreplay_out.mtn"
			}]
	},
	"expressions":[
	]
}