{
	"type": "Live2D Model Setting",
	"name": "rezia_hevent1",
	"model": "rezia_hevent1.moc",
	"textures": [
		"rezia_hevent1.2048/texture_00.png",
		"rezia_hevent1.2048/texture_01.png"
	],
	"motions":{
		"a_normal":[
			{
			"fade_in":200,
			"fade_out":1,
			"file":"motions/rezia_hevent1_a_normal.mtn"
			}],
		"a_fast":[
			{
			"fade_in":200,
			"fade_out":1,
			"file":"motions/rezia_hevent1_a_fast.mtn"
			}],
		"a_iku":[
			{
			"fade_in":200,
			"fade_out":1,
			"file":"motions/rezia_hevent1_a_iku.mtn"
			}],
		"b_normal":[
			{
			"fade_in":200,
			"fade_out":1,
			"file":"motions/rezia_hevent1_b_normal.mtn"
			}],
		"b_fast":[
			{
			"fade_in":200,
			"fade_out":1,
			"file":"motions/rezia_hevent1_b_fast.mtn"
			}],
		"b_fast_eye":[
			{
			"fade_in":200,
			"fade_out":1,
			"file":"motions/rezia_hevent1_b_fast_eye.mtn"
			}],			
		"b_fast_2":[
			{
			"fade_in":200,
			"fade_out":1,
			"file":"motions/rezia_hevent1_b_fast2.mtn"
			}],		
		"b_fast_2_eye":[
			{
			"fade_in":200,
			"fade_out":1,
			"file":"motions/rezia_hevent1_b_fast2_eye.mtn"
			}],							
		"b_iku":[
			{
			"fade_in":200,
			"fade_out":1,
			"file":"motions/rezia_hevent1_b_iku.mtn"
			}],
		"b_iku_eye":[
			{
			"fade_in":200,
			"fade_out":1,
			"file":"motions/rezia_hevent1_b_iku_eye.mtn"
			}],					
		"breatha":[
			{
			"fade_in":1000,
			"fade_out":1000,
			"file":"motions/rezia_hevent1_breath_a.mtn"
			}],
		"breathatob":[
			{
			"fade_in":500,
			"fade_out":500,
			"file":"motions/rezia_hevent1_breath_atob.mtn"
			}],
		"breathb":[
			{
			"fade_in":1000,
			"fade_out":1000,
			"file":"motions/rezia_hevent1_breath_b.mtn"
			}],
		"breathb_eye":[
			{
			"fade_in":1000,
			"fade_out":1000,
			"file":"motions/rezia_hevent1_breath_b_eye.mtn"
			}],
		"breathbtoa":[
			{
			"fade_in":500,
			"fade_out":500,
			"file":"motions/rezia_hevent1_breath_btoa.mtn"
			}],
		"clean":[
			{
			"fade_in":10,
			"fade_out":10,
			"file":"motions/rezia_hevent1_clean.mtn"
			}],		
		"out":[
			{
			"fade_in":10,
			"fade_out":10,
			"file":"motions/rezia_hevent1_out.mtn"
			}]
	},
	"expressions":[
		{"name":"normal","file":"expressions/normal.exp.json"},
		{"name":"lewd","file":"expressions/lewd.exp.json"},
		{"name":"mouth_o","file":"expressions/mouth_o.exp.json"},
		{"name":"mouth_smile","file":"expressions/mouth_smile.exp.json"},
		{"name":"offensive","file":"expressions/offensive.exp.json"},
		{"name":"shock","file":"expressions/shock.exp.json"},
		{"name":"shock_mouth","file":"expressions/shock_mouth.exp.json"},
		{"name":"shock_mouth2","file":"expressions/shock_mouth2.exp.json"},
		{"name":"shock2","file":"expressions/shock2.exp.json"},
		{"name":"shy","file":"expressions/shy.exp.json"},
		{"name":"why","file":"expressions/why.exp.json"}
	]
}