{
	"type": "Live2D Model Setting",
	"name": "doroelle_hevent1",
	"model": "doroelle_hevent1.moc",
	"textures": [
		"doroelle_hevent1.2048/texture_00.png",
		"doroelle_hevent1.2048/texture_01.png"
	],
	"motions":{
		"kao1_normal":[
			{
			"fade_in":100,
			"fade_out":10,
			"file":"motions/doroelle_hevent1_kao1_normal.mtn"
			}],
		"kao1_normal_z":[
			{
			"fade_in":100,
			"fade_out":10,
			"file":"motions/doroelle_hevent1_kao1_normal_z.mtn"
			}],
		"kao1_fast":[
			{
			"fade_in":100,
			"fade_out":10,
			"file":"motions/doroelle_hevent1_kao1_fast.mtn"
			}],
		"kao1_fast_z":[
			{
			"fade_in":100,
			"fade_out":10,
			"file":"motions/doroelle_hevent1_kao1_fast_z.mtn"
			}],
		"kao1_iku":[
			{
			"fade_in":100,
			"fade_out":1000,
			"file":"motions/doroelle_hevent1_kao1_iku.mtn"
			}],
		"kao1_iku_z":[
			{
			"fade_in":100,
			"fade_out":1000,
			"file":"motions/doroelle_hevent1_kao1_iku_z.mtn"
			}],
		"kao1_breath":[
			{
			"fade_in":100,
			"fade_out":10,
			"file":"motions/doroelle_hevent1_kao1_breath.mtn"
			}],
		"kao1_breath_z":[
			{
			"fade_in":100,
			"fade_out":10,
			"file":"motions/doroelle_hevent1_kao1_breath_z.mtn"
			}],
		"kao1_breath_z":[
			{
			"fade_in":100,
			"fade_out":10,
			"file":"motions/doroelle_hevent1_kao1_breath_z.mtn"
			}],
		"kao2_normal":[
			{
			"fade_in":100,
			"fade_out":10,
			"file":"motions/doroelle_hevent1_kao2_normal.mtn"
			}],
		"kao2_normal_z":[
			{
			"fade_in":100,
			"fade_out":10,
			"file":"motions/doroelle_hevent1_kao2_normal_z.mtn"
			}],
		"kao2_fast":[
			{
			"fade_in":100,
			"fade_out":10,
			"file":"motions/doroelle_hevent1_kao2_fast.mtn"
			}],
		"kao2_fast_z":[
			{
			"fade_in":100,
			"fade_out":10,
			"file":"motions/doroelle_hevent1_kao2_fast_z.mtn"
			}],
		"kao2_iku":[
			{
			"fade_in":100,
			"fade_out":1000,
			"file":"motions/doroelle_hevent1_kao2_iku.mtn"
			}],
		"kao2_iku_z":[
			{
			"fade_in":100,
			"fade_out":1000,
			"file":"motions/doroelle_hevent1_kao2_iku_z.mtn"
			}],
		"kao2_breath":[
			{
			"fade_in":1000,
			"fade_out":1000,
			"file":"motions/doroelle_hevent1_kao2_breath.mtn"
			}],
		"kao2_breath_z":[
			{
			"fade_in":1000,
			"fade_out":1000,
			"file":"motions/doroelle_hevent1_kao2_breath_z.mtn"
			}],
		"out":[
			{
			"fade_in":10,
			"fade_out":10,
			"file":"motions/doroelle_hevent1_out.mtn"
			}]
			
	},
	"expressions":[
		{"name":"kao1","file":"expressions/doroelle_hevent1_kao1.exp.json"},
		{"name":"kao2","file":"expressions/doroelle_hevent1_kao2.exp.json"}
	]
}