{
	"type": "Live2D Model Setting",
	"name": "skewer_hevent1",
	"model": "skewer_hevent1.moc",
	"textures": [
		"skewer_hevent1.2048/texture_00.png",
		"skewer_hevent1.2048/texture_01.png"
	],
	"motions":{
		"a_normal":[
			{
			"fade_in":200,
			"fade_out":1,
			"file":"motions/skewer_hevent1_a_normal.mtn"
			}],
		"a_normal_j":[
			{
			"fade_in":200,
			"fade_out":1,
			"file":"motions/skewer_hevent1_a_normal_j.mtn"
			}],
		"a_normal_eye":[
			{
			"fade_in":200,
			"fade_out":1,
			"file":"motions/skewer_hevent1_a_normal_eye.mtn"
			}],
		"a_normal_hand":[
			{
			"fade_in":200,
			"fade_out":1,
			"file":"motions/skewer_hevent1_a_normal_hand.mtn"
			}],
		"a_normal_hand_eye":[
			{
			"fade_in":200,
			"fade_out":1,
			"file":"motions/skewer_hevent1_a_normal_hand_eye.mtn"
			}],
		"a_fast":[
			{
			"fade_in":200,
			"fade_out":1,
			"file":"motions/skewer_hevent1_a_fast.mtn"
			}],
		"a_fast_eye":[
			{
			"fade_in":200,
			"fade_out":1,
			"file":"motions/skewer_hevent1_a_fast_eye.mtn"
			}],
		"a_iku":[
			{
			"fade_in":200,
			"fade_out":1,
			"file":"motions/skewer_hevent1_a_iku.mtn"
			}],
		"a_iku_eye":[
			{
			"fade_in":200,
			"fade_out":1,
			"file":"motions/skewer_hevent1_a_iku_eye.mtn"
			}],
		"a_iku_semen":[
			{
			"fade_in":200,
			"fade_out":1,
			"file":"motions/skewer_hevent1_a_iku_semen.mtn"
			}],
		"a_iku_semen_eye":[
			{
			"fade_in":200,
			"fade_out":1,
			"file":"motions/skewer_hevent1_a_iku_semen_eye.mtn"
			}],
		"b_normal":[
			{
			"fade_in":200,
			"fade_out":1,
			"file":"motions/skewer_hevent1_b_normal.mtn"
			}],
		"b_normal_eye":[
			{
			"fade_in":200,
			"fade_out":1,
			"file":"motions/skewer_hevent1_b_normal_eye.mtn"
			}],
		"b_fast":[
			{
			"fade_in":200,
			"fade_out":1,
			"file":"motions/skewer_hevent1_b_fast.mtn"
			}],
		"b_fast_eye":[
			{
			"fade_in":200,
			"fade_out":1,
			"file":"motions/skewer_hevent1_b_fast_eye.mtn"
			}],					
		"b_iku":[
			{
			"fade_in":200,
			"fade_out":1,
			"file":"motions/skewer_hevent1_b_iku.mtn"
			}],
		"b_iku_long":[
			{
			"fade_in":200,
			"fade_out":1,
			"file":"motions/skewer_hevent1_b_iku_long.mtn"
			}],
		"b_iku_eye":[
			{
			"fade_in":200,
			"fade_out":1,
			"file":"motions/skewer_hevent1_b_iku_eye.mtn"
			}],
		"b_iku_semen":[
			{
			"fade_in":200,
			"fade_out":1,
			"file":"motions/skewer_hevent1_b_iku_semen.mtn"
			}],
		"b_iku_semen_eye":[
			{
			"fade_in":200,
			"fade_out":1,
			"file":"motions/skewer_hevent1_b_iku_semen_eye.mtn"
			}],
		"breatha":[
			{
			"fade_in":1000,
			"fade_out":1000,
			"file":"motions/skewer_hevent1_breath_a.mtn"
			}],
		"breathaton":[
			{
			"fade_in":1000,
			"fade_out":1000,
			"file":"motions/skewer_hevent1_breath_aton.mtn"
			}],
		"breatha_eye":[
			{
			"fade_in":1000,
			"fade_out":1000,
			"file":"motions/skewer_hevent1_breath_a_eye.mtn"
			}],
		"breathatob":[
			{
			"fade_in":500,
			"fade_out":500,
			"file":"motions/skewer_hevent1_breath_atob.mtn"
			}],
		"breathatob_eye":[
			{
			"fade_in":500,
			"fade_out":500,
			"file":"motions/skewer_hevent1_breath_atob_eye.mtn"
			}],
		"breathb":[
			{
			"fade_in":1000,
			"fade_out":1000,
			"file":"motions/skewer_hevent1_breath_b.mtn"
			}],
		"breathb_eye":[
			{
			"fade_in":1000,
			"fade_out":1000,
			"file":"motions/skewer_hevent1_breath_b_eye.mtn"
			}],
		"breathbtoa":[
			{
			"fade_in":500,
			"fade_out":500,
			"file":"motions/skewer_hevent1_breath_btoa.mtn"
			}],
		"breathbtoa_eye":[
			{
			"fade_in":500,
			"fade_out":500,
			"file":"motions/skewer_hevent1_breath_btoa_eye.mtn"
			}],
		"clean":[
			{
			"fade_in":10,
			"fade_out":10,
			"file":"motions/skewer_hevent1_clean.mtn"
			}],		
		"out":[
			{
			"fade_in":10,
			"fade_out":10,
			"file":"motions/skewer_hevent1_out.mtn"
			}]
	},
	"expressions":[
		{"name":"normal","file":"expressions/normal.exp.json"},
		{"name":"faraway","file":"expressions/faraway.exp.json"},
		{"name":"frown01","file":"expressions/frown01.exp.json"},
		{"name":"frown02","file":"expressions/frown02.exp.json"},
		{"name":"immersed","file":"expressions/immersed.exp.json"},
		{"name":"proud","file":"expressions/proud.exp.json"},
		{"name":"sad","file":"expressions/sad.exp.json"},
		{"name":"trance","file":"expressions/trance.exp.json"}
	]
}